id,prediction
4ts1,6.2078
1p02,5.3251
1rbp,7.2685
4er4,9.456
4apr,8.6829
2er0,8.5295
4sga,7.2722
1bap,5.6985
5abp,5.8583
6gpb,5.1486
4est,6.1938
1rin,3.9871
1atr,6.2129
1pop,5.9489
3gst,8.6714
2gst,8.5699
1hsl,7.0802
2drc,7.2654
1tka,6.9694
1avd,6.4081
2cgr,7.1886
1srg,6.2043
1mfa,5.4579
1nnb,4.765
1hvl,9.936
7cpa,7.1714
1epo,8.9858
2cht,5.0281
1siv,9.0328
1shd,6.5561
1flr,6.7752
1hmr,7.2545
1cbr,6.4601
1utr,7.3256
186l,5.6544
1cnw,5.1606
184l,5.6513
1prm,6.9711
1rlq,6.8787
1cgl,8.102
1eld,6.7419
1lcp,5.711
1ctu,6.0325
1ibg,5.6258
1qca,7.6162
1hih,9.5379
1bil,9.5294
1fpi,5.3762
1rti,6.71
1gym,5.2195
1mik,10.5199
1str,7.5285
1ceb,4.554
1mai,4.5017
1btn,3.6958
1swi,3.854
1mmq,7.5949
2csm,4.977
1sln,7.3632
1jrs,6.6888
1rdn,4.5882
1gnm,7.9837
1nok,6.1748
1tcw,7.0916
1jlx,6.0043
1lt5,4.7437
1tvr,6.7587
1uwb,6.6351
1aq1,9.6676
1rt1,7.5837
1drv,5.412
1ao0,4.7878
1shc,8.6214
2hrp,9.3528
2aac,6.038
1irs,7.3501
1mpa,10.2433
1nox,7.0204
1qbr,10.3331
1ai6,5.7806
1sqc,6.354
1dmp,9.2246
1pau,6.6015
1uvu,5.7362
1al7,7.019
1ajn,5.6107
1fwe,5.4967
1tom,8.2703
1rtf,5.7135
1bm2,8.198
4aig,8.0982
1bmq,5.8331
1a5v,4.8649
1akv,7.4535
1x11,9.5401
1bcu,6.4622
2nmb,7.0899
1b5h,9.1386
1gux,8.6182
1af6,5.8356
1axs,6.6669
1a99,5.759
1swg,6.223
1a0t,4.8885
1awi,7.9949
1usn,7.4277
1a5g,8.3633
1xug,6.8697
1a52,6.8289
1bhx,8.0702
2usn,6.7752
1moq,6.6866
1ayu,5.7125
1a4w,9.1151
1b5g,7.9067
1ilq,9.2327
2qwb,6.4464
6cgt,7.103
1a46,7.809
1bjr,5.7569
2hpa,4.3882
1hfs,10.2825
1bxq,8.4878
1bq4,4.1881
3bls,3.9052
1bmk,6.7913
1biw,6.8626
5prc,6.2779
1b9v,6.3097
1czq,11.427
1a85,6.884
1bug,4.6539
1cw2,6.6807
1bn3,7.3478
1bkj,7.3409
1b2m,5.3524
2ay3,5.7839
1ct8,7.4461
1d4p,7.2516
1bnv,7.3745
2bow,5.5426
1d4w,8.7394
1qsc,7.9376
1yej,6.3855
1b55,4.1727
1d7j,4.1588
1qaw,6.2063
2mpa,10.0853
1bo5,2.9008
1bxr,7.1205
2bpx,8.9307
5yas,5.129
11gs,7.9633
1dg9,4.233
1bzc,5.6403
1d5r,4.148
1mfi,5.7397
2sfp,4.7766
1c3b,4.3505
2tsr,6.1105
1bgo,6.4164
1hwr,8.1479
1qbv,7.3929
1qf0,8.1595
3std,8.9122
4prg,7.7651
1eei,5.2024
1dzj,6.2703
1c3i,7.4984
1bzs,7.0111
1qhr,6.1608
1fd7,5.5128
1c8k,6.6524
1di8,7.1363
1d8m,6.8177
1c8v,6.2549
1dtq,7.6274
1em6,7.3623
1fao,4.3411
1d2s,7.6687
1flm,8.3497
1qkt,7.2871
1g46,6.0403
1ggd,6.5505
1qft,7.018
1qiw,7.3517
1dpu,9.1549
1dkd,10.135
1e8h,5.8642
1cze,4.6549
1fo0,10.8779
1om2,8.0633
1fzq,6.0078
1g4o,6.1888
1ej4,10.4717
1g6r,8.9619
1c1u,7.3693
1c1v,6.9618
1f74,6.4439
1f0t,7.1342
1dqn,7.5957
1d6w,8.4554
1exw,5.5685
1erq,5.4328
1ecv,5.4795
1ek1,6.1814
1ylv,4.6055
1c85,4.7747
1qan,6.9593
1fw0,6.0384
1qb9,7.4132
1fq4,8.2314
1dy4,7.1419
1c5y,6.7302
1bsk,6.5178
1qq9,5.5799
1eix,6.9401
1dqx,6.2906
1ft4,4.5415
1jik,6.218
1jvp,7.2149
1g49,7.2677
1f0q,5.618
1g05,6.984
1g5s,8.0575
1ikv,7.5633
1fvt,7.3325
1jjt,7.3021
1j7z,10.4001
1g3f,6.4084
1j4k,6.8101
1h61,6.6975
1k03,4.2813
1h60,7.0179
1ii5,6.1382
1joc,4.1198
1i8h,7.0212
1ewj,8.5589
1iq1,7.9514
1fl6,4.5782
1ikt,5.8269
1jmq,6.532
1h6h,4.9416
1gny,5.2336
1jzs,5.8303
1hp0,7.164
1h9l,6.8686
1g42,5.3698
1i6v,7.5115
1f8e,7.0778
1ga8,4.3117
1g5f,4.1887
1g98,5.3953
1k08,6.6566
1jh1,4.9417
1f9g,3.7275
1g32,7.9161
1jtq,7.2482
1hyo,5.4455
1kz8,7.1351
1kat,12.401
1ktt,7.5366
1jyi,8.0805
1kmv,8.3116
1m5f,7.106
1h1r,8.3215
1ke5,7.3159
1jdj,4.431
1lqf,6.9376
1g9d,6.9833
1k3t,5.5169
1mzs,7.7913
1m7y,7.7633
1n4k,4.591
1lrh,5.9199
1li6,4.7601
1kv2,8.2553
1m83,6.877
1gui,6.1575
1guw,6.5951
1m74,5.6491
1jpl,7.1439
1leg,9.8045
1l2z,7.4234
1gwr,8.4749
1g85,4.6943
1jq9,7.2273
1h0a,5.1724
1gu3,4.8975
1li3,4.9341
1jif,8.8787
1lbk,6.7551
1m48,6.6302
1gni,6.2637
1izh,9.6169
1mto,3.9038
1kqb,4.051
1gz4,5.4755
1kf6,6.2952
1j01,6.5644
1fv0,6.6003
1h2k,5.056
1k4g,7.3191
1jqy,6.0012
1iup,4.4163
1l2s,6.55
1kc7,4.1701
1it6,6.8707
1gpk,8.0929
1d4j,8.9072
1m0o,7.3046
1ghv,6.9308
1i2s,4.1096
1h1h,4.3895
1gj4,7.2106
1q6m,8.6645
1ms7,6.9641
1nl4,6.7199
1njt,5.8251
1npw,9.3987
1ol1,7.2472
1h01,8.5752
1q6p,7.9856
1ouy,9.0956
1npv,8.8697
1q6t,8.3725
1pmn,9.5076
1nf8,6.6715
1q72,5.957
1usi,6.1001
1ov3,9.7671
1mrw,8.9148
1h28,7.6928
1njf,6.8238
1ogd,4.066
1n8u,5.5916
1ntv,9.3676
1obx,6.9569
1oai,7.0971
1p1q,6.9544
1o9d,6.736
1gwv,4.7721
1oba,3.7474
1n0s,7.0735
1oe8,5.7498
1jwu,8.6523
1py1,6.9849
1p7m,4.1403
1ow6,8.5584
1ow8,9.312
1hk5,6.6603
1m5w,4.2886
1ox9,7.7258
1q5l,6.7046
1om9,7.0781
1nw7,6.7063
1gwm,6.0732
1o3f,6.5999
1o2q,7.6393
1oyt,8.4742
1o37,6.7929
1nlj,6.5066
1nq7,7.8376
1mpl,6.2316
1n4h,6.9708
1o3l,6.7696
1n7j,5.6495
1pbq,7.8106
1o6i,6.6838
1k1y,7.2429
1p6e,6.1214
1ms0,5.4294
1lq2,6.5797
1o32,5.9573
1nu3,6.3117
1mrs,6.6524
1oss,5.7233
1nfu,6.7789
1mq5,7.9598
1lf9,7.2619
1nny,8.1851
1pa9,5.5957
1np0,5.5106
1o2s,6.2129
1my8,6.4379
1ocn,7.8575
1nqc,6.2287
1ui0,6.6154
1r5g,7.7027
1v0p,8.7182
1unl,7.4427
1xdd,7.7852
1rsd,6.1806
1o4f,3.7793
1xp6,8.605
1xoq,8.9865
1rhk,6.9105
1xmu,8.3988
1xp0,8.8293
1wdy,7.2087
1tve,5.2328
1o43,6.9611
1uwh,8.0519
1soj,6.1607
1vyz,6.2924
1xh3,9.4258
1xot,8.18
1o4r,4.7245
1uyf,9.3833
1o48,7.4669
1uu9,8.6141
1v0o,7.9951
1ppw,5.3643
1uyg,8.6419
1oky,8.9217
1w6j,8.4096
1q0b,7.6129
1re1,4.3128
1oi9,8.2937
1pfy,7.6028
1qxw,7.1103
1u32,7.176
1xsc,4.3248
1oh4,6.4527
1vjd,6.3205
1nki,4.9463
1s19,8.3471
1ukh,7.4792
1tq4,6.1912
1tog,5.8016
1uod,4.0309
1w9u,8.6276
1oj5,9.3679
1t7d,7.1995
1oay,4.6504
1u1w,6.4887
1ryf,6.4474
1sbr,6.8333
1nlt,7.8246
1vkj,6.5747
1pfu,5.2191
1ux7,4.0783
1xt3,5.6417
1r5w,7.8985
1uef,9.143
1r5n,5.2342
1vea,6.594
1qvu,5.0869
1r6n,6.6275
1r9l,6.4266
1x8s,8.1303
1u9l,6.8257
1r4w,6.4092
1rp7,8.1737
1xd0,7.4705
1pkx,6.5228
1om1,7.645
1s4d,7.1554
1re8,8.7576
1wm1,6.2422
1ta6,8.2104
1uj5,5.3154
1uwu,6.648
1mu8,7.5738
1rql,4.8785
2bet,4.4185
1o5b,6.9884
1t3t,8.298
1xff,4.7967
1rm8,8.4921
1ssq,5.2656
1pxo,3.1307
1mue,7.8227
1u33,6.7869
1q65,7.159
1w5x,10.12
1uz4,6.001
1s64,7.0817
1ogg,7.3863
1ro7,7.741
1q91,7.5516
1v2q,6.1837
1tuf,4.4954
1v0m,8.0471
1yt9,8.8657
1y2k,7.0236
1y2h,6.8207
2ai8,5.3271
1z6q,7.562
1wbn,9.1185
2c1b,9.6584
2b53,7.2693
2a3i,9.1584
1z3c,6.6272
1x7e,6.6958
1ywr,9.5292
1yw2,8.3283
1xh8,9.5465
1z9h,6.5801
1svg,9.3366
2f70,7.1611
1y6b,8.638
1veb,7.7586
1yi3,6.9118
1wb0,8.1176
2f6z,8.1192
1way,7.0886
1w1p,5.6224
1w0x,6.9725
1zz2,8.2351
1sqp,7.648
1xur,8.8575
1zgb,8.4791
1wax,4.968
1t13,5.7474
2bfq,7.2532
1xt8,5.8737
1tmm,7.3356
1zub,6.3192
2bmz,4.2374
1xk5,6.989
1ydk,6.582
2a29,4.6848
1yid,4.7027
1x9d,7.4198
1z3t,4.9909
1xfv,5.0964
2a0t,5.9731
1ywh,10.6921
1y19,9.0224
1y0l,6.9711
2c2l,6.944
1xge,6.4278
1xr8,7.4342
1yc4,7.8528
1y98,7.6757
1y3a,9.968
1zhy,8.5257
1xz8,5.5908
1zhk,9.4914
1ywi,6.0588
2f8i,7.6054
1x8d,5.4067
1xpz,6.5201
1wuq,6.4315
1x8j,6.7421
2ax9,7.6395
2ayr,8.8969
1wcq,6.6309
2b17,5.5415
1x39,7.9331
2br6,4.3474
2brm,7.7626
2ad5,5.8936
1z6f,6.0698
1wkm,5.1581
2bvd,6.3361
2a14,8.596
1wvc,5.4013
2a3c,6.8468
1xn3,7.2738
1zoe,8.0432
1z1h,9.0219
1y4z,6.6516
1t5f,5.0414
1z95,8.2727
1yq7,6.1809
2bu5,6.1975
2f4b,8.286
2nsx,5.4551
2f3e,8.7054
2c5y,8.5367
2cv3,10.4939
2evc,6.9591
2ggx,4.7254
2gz7,6.6516
2hai,6.9947
2gg3,6.5776
2fum,6.4013
1ztq,7.5493
2nq6,7.3521
2ew6,5.9886
2cng,7.7216
2gga,5.2542
2irz,9.513
2j87,6.5062
2cgx,6.5084
2chz,7.639
2cma,7.1849
2ccs,8.4859
2hwh,5.4412
2f4j,8.4632
2h42,8.786
2fwy,9.1462
2bve,4.7567
2cni,9.4052
2g0h,8.3265
2fj0,5.5064
2hwi,5.9174
2gg9,8.755
2c6c,6.5934
2hfp,8.8798
2gz8,5.0045
2c6g,6.0865
2g9x,7.8207
2ank,7.9496
2boi,4.9984
2fv9,7.9592
2gnf,6.9034
2d1x,10.3412
2iw9,8.3064
2ceo,7.2548
2iwx,8.208
2fgh,5.0247
2eum,6.1569
2izx,3.5219
2hdx,7.7932
2c97,6.515
2ivz,9.7257
2iwu,6.2041
2g6q,7.6304
2fl5,6.0575
2cbz,5.3447
2haw,6.6
2clv,10.0631
2idk,5.4104
2hmu,6.0729
2h23,6.5509
2a5c,5.4926
2fqy,7.472
2f35,6.6109
2fx8,9.8951
2cia,7.5716
2ez5,8.1433
2fxv,6.9807
2j7f,6.5254
2ha6,5.725
2f5t,5.5842
1yon,6.632
2hmh,8.1259
2fgv,10.4849
1zsh,3.7415
2d0k,7.2391
2cc7,7.5239
2cf9,9.0916
2f7o,7.3719
2d3u,7.138
1zsr,9.1678
2b1i,6.5697
2fqo,6.5596
2jbk,5.6588
2aog,11.2496
2avv,8.5992
1zvx,6.9432
2b1r,6.1906
2gvv,5.8716
2dua,4.8588
2am4,7.8326
2dw7,5.4237
2f2h,7.7086
2h4k,5.7211
2ioa,6.029
2aez,4.8731
2g5p,6.9587
2j47,7.7217
2bqw,7.4087
2bxt,8.9204
2fzg,4.7561
2i80,6.95
2hdu,5.364
2h5d,6.3731
2hnc,6.5663
2g8n,8.2815
1ype,7.747
2obj,7.3741
2p3g,6.393
2fw3,6.6186
2hog,8.6814
2pvw,6.0499
2ozr,7.7244
2pzi,7.6257
2o48,4.1438
2o7v,3.914
2r9m,6.9229
2ojf,7.6214
3bi6,8.9765
2vex,7.9883
2oo8,9.173
2ow1,7.2857
2r6n,6.3899
2rgu,7.541
2qoh,8.4571
2ds1,8.3515
2h1h,5.0066
2fvc,7.4223
2ohu,7.218
2gqn,7.4782
2qcd,7.1408
2gm9,7.0209
2gde,8.3296
2r8q,6.4986
2pe1,8.0051
2i5f,4.0091
2p8h,10.1865
2uw8,7.8195
2nqi,5.5421
2ooz,4.9645
2of4,7.1936
2nnv,6.3295
2oi3,8.1771
2jbv,6.7419
2jdk,5.7161
2qki,10.755
2pfy,6.0862
2e27,6.2235
2gfd,7.0418
2jnw,7.3366
2hug,7.8905
2joa,7.5398
2oqs,6.2253
2e5y,6.2628
2q8y,8.1671
2odd,6.7529
2r58,4.1166
2vhj,5.7398
2jup,6.6267
2nsj,6.091
2ov4,6.4644
2q8h,3.8895
2r5b,11.1969
2jdn,5.7857
2pem,7.0695
2o9v,7.6221
2uyn,5.392
2o3z,5.556
2r0z,7.1414
2ra6,5.2394
2jq9,9.3978
2uwd,9.3151
2gj5,6.388
2jqk,9.2694
2p09,6.3889
2iv9,9.2523
2pv3,10.4418
2e2r,7.5107
2igv,5.0418
2oi2,4.757
2i4j,7.8441
2ovq,7.3673
2pv1,9.207
2r03,6.876
2v88,7.8051
2r02,8.8479
2p16,7.5663
2ot1,5.7896
2j4g,6.3244
2jj3,7.2515
2nt7,6.7434
2oxy,7.517
2oz5,8.8292
2v3e,7.4883
2z4b,7.5673
2g9q,4.7628
2o7e,5.9958
2q54,9.3742
2on3,2.9656
2uz9,6.4709
2hob,8.0211
2o9j,6.4373
2ovv,8.7181
2ptz,7.483
2pwg,6.1094
2nta,6.9573
2on6,5.4775
2iyf,8.7282
2g70,6.3975
1vso,6.8765
2e2p,6.0427
2rcx,6.4634
2op9,5.4386
2cej,9.3724
2r5q,9.195
2i4u,8.7038
2np9,7.8898
2psj,6.8541
2fu8,5.2745
2za3,5.7453
2z3h,8.1391
2it4,4.5184
2oi0,6.3954
2uwo,7.8598
2i2b,6.4618
2o4h,5.1049
2hhn,6.8811
2p53,5.7203
2cfg,6.4768
2nmz,9.6324
2oqv,6.9002
2nwn,9.2588
2j94,7.4991
2qrk,5.5822
2psv,8.5433
2q38,6.4244
2jdv,10.3709
2q3z,7.9945
2z1w,7.0005
2r64,7.5521
2r7b,7.8501
2vwy,8.8118
3cth,7.7735
3c45,8.0207
2vww,8.4169
2q94,6.9193
2rc8,5.9404
3e2m,9.3736
2qu3,7.5552
3ds6,8.2424
2vcq,5.8523
2vtj,7.1827
3ccn,7.9077
2pj2,6.8146
3dda,8.9766
2vto,7.1948
3eqb,7.3664
3f69,8.088
3cjo,7.5633
3cm7,7.0835
3cho,8.0627
2qn2,6.4144
3bx5,7.7149
2ow3,9.2354
2vaq,6.5282
3dya,8.9107
3cgo,7.5289
3dei,5.9569
2vgo,7.8172
3ch9,5.5692
3cid,10.3355
3cjf,7.3758
2pmn,7.6652
3ecn,6.4272
2viw,7.0511
2vle,6.4857
3chc,7.5464
2vtn,7.0397
2qzl,10.4193
2q2a,7.905
2rkn,5.8203
2vt3,5.9917
3dab,10.0338
2vwc,8.5843
2qpu,4.0985
2p7z,7.7395
3c7n,5.5237
2jkt,7.591
3bum,7.2947
2q2n,8.8844
3d2e,6.7384
2jql,6.11
2jg8,2.5993
3ebl,7.4425
2z92,6.3994
2vmd,3.9172
2z97,10.0242
3bim,6.1724
2k2r,7.4488
3c2f,4.1009
3bbb,6.159
3c39,4.3305
2vpe,8.3554
2vmf,6.1334
3cj2,5.7724
3bl2,10.5053
3cyy,8.0853
2k0x,3.1809
2qry,7.3755
2reg,6.2377
2jst,4.0966
3coz,6.9025
3clp,6.1837
2k62,6.9164
2qfo,6.4719
3ew2,6.4157
2rny,9.4079
2k00,8.2553
3cda,8.3535
3cd0,7.3823
2v7d,5.7072
2qtr,7.0589
3bxe,4.9453
2qic,7.382
3d9m,7.4488
2zdm,6.9593
2vw5,8.7711
2qbw,9.1596
3blr,7.4257
3ctr,5.3951
2jb5,7.3655
3f1a,7.3443
3d9l,7.5028
2pnx,8.2296
2zg1,3.6352
3buf,4.942
3b78,7.3487
3d9n,7.2943
3dsu,6.3426
3cdb,8.4794
2qi6,9.0803
2qbq,6.9471
2qnn,9.9717
2z4o,8.741
2pwc,9.3145
2p4s,7.1731
2w26,7.2249
2zaz,7.3664
3bh3,4.3122
3cke,6.0232
3e93,9.103
2zcq,6.384
3d1z,8.5059
2w54,5.2027
3bl0,6.1682
3d7z,7.8386
2zn7,7.4507
2ra0,8.5828
3bar,6.5456
2ves,8.6566
2rk8,5.5366
2v54,6.5209
3bla,7.5025
2vr0,6.415
2qci,8.5506
2qnb,7.5007
2vl1,5.6558
2qtt,7.7398
3e5a,8.0098
3bfu,6.9235
2jkp,6.6469
2epn,7.3956
2e9u,8.3001
3bbt,7.6471
3c8b,8.6237
2rke,5.3053
2pvj,8.8339
2qrm,6.9262
3g9e,7.9585
2w1c,6.9776
3hf6,8.7222
3fei,7.3082
3du8,7.0203
3c7p,7.3864
3il6,7.3792
3g6z,9.8973
3i06,7.1703
2waj,7.991
2wmw,6.5087
3k48,10.8428
3g70,10.5389
3fqh,7.4088
3fr4,8.0446
3hw1,4.9682
3eq8,6.864
3djf,7.6799
2woa,6.3973
3dp0,6.2291
3k3g,4.6391
3doy,5.7977
3dp3,6.0656
3fmr,5.5546
3ezr,8.6168
2w1e,7.3284
3h03,5.9719
3e3u,7.6767
3f8s,5.926
3i81,9.2637
3fal,8.7422
3et7,8.1434
3hy9,8.4248
2wf3,9.4565
2w0d,7.8334
3f88,7.3577
3hc8,8.1292
3ex2,7.3113
3eyh,9.0535
3fup,8.174
3d25,8.4232
3h06,5.8505
3kl6,7.7567
3gs7,5.6167
2vur,5.9711
3h5u,8.6409
3hdm,7.2612
3i7g,6.8213
3k9x,8.6824
2w1h,7.9048
3fl8,8.9609
3dpf,9.2324
3h0w,6.8121
3f7b,8.2968
3jsw,8.4323
3dz2,6.5787
3h0e,6.2622
3i1y,7.2874
3fuk,6.7057
3ikc,5.0253
3csl,7.0911
3gws,8.0202
3eky,10.5037
3dla,5.9942
3fvh,7.1141
2zx5,7.6841
2w77,9.3013
3eu7,9.2738
2zym,9.2097
3gnw,9.9349
2k7l,10.0239
3ghe,10.8553
3k8d,6.1954
2vr3,8.8112
2kbs,6.0333
2vxn,5.4984
3cfn,6.6556
3imc,5.4397
2weo,6.2274
3juq,6.3531
3k41,4.877
3gcp,7.7024
3gm0,5.8273
3h91,9.6559
3fjg,4.6237
3dnt,7.629
3dkj,5.1841
3d45,5.2298
3a1e,7.0799
3fwv,7.2556
3f38,5.1582
3e3c,5.3064
3hy5,7.0854
3k5i,6.4118
3g19,5.8306
2w87,4.731
3eyu,7.4824
2rol,7.428
2zq2,7.7053
2uzj,5.3544
3ga5,7.006
3ivv,7.5114
2weg,6.5533
2w2u,8.7932
3k27,6.9742
3dri,6.0078
2we3,6.1359
3efs,5.9967
2w9r,5.6798
2rok,5.7253
2wkt,7.4262
2wc4,7.7009
2vzr,5.1682
3a6t,7.0484
3jrs,6.3881
3ifo,7.9187
3g08,7.9365
3dzt,6.7337
2wik,4.2833
3fqk,7.9887
3hww,3.8039
3ivq,6.9933
2knh,9.182
3eqy,9.9175
2wej,5.9375
2w0z,7.9158
3k84,7.2387
3ggv,9.9562
2zjw,6.8373
3jya,7.008
3f5l,6.8621
3blt,4.4088
3fv3,9.6903
3g0w,8.1759
3g90,6.9516
3ctt,6.1386
3ibu,6.3893
2zu3,6.7353
3g34,6.8858
3dcc,7.4847
3g3m,6.8291
3g31,4.4685
2kaw,5.8677
3g2y,5.9311
3gbe,6.5502
3eax,6.1342
3fnm,4.4742
2wky,7.444
3fa3,5.0259
3eig,8.2119
3fk1,4.866
3jwq,7.8431
3dx1,7.0669
3fdm,10.6666
2wqp,7.2412
3hl5,7.2271
3hkt,5.4313
3g2z,6.1534
3gtc,5.0423
3ebh,7.9045
3ip8,5.8205
3i4a,5.558
3jy0,6.9611
3gqz,5.2478
3d6o,6.1164
3f7h,7.8521
2vvu,7.9776
2wvz,6.3035
2jkh,8.3572
3in3,7.9665
3ine,6.9777
2x9e,8.1194
3kyr,7.7333
3ara,8.4239
3mj5,6.5775
3l3a,7.6048
3kwj,6.9827
3lkz,6.9668
3krl,6.9238
2x8d,7.3628
3max,7.6545
3irx,7.9234
3km4,8.9773
2xk7,8.1659
3pa8,5.3674
3mb6,6.393
3k22,8.123
3oui,6.9187
3ipx,6.3485
3lpj,10.4091
3mvl,7.9735
3iu7,7.0109
3m8p,8.6392
3k5g,9.575
2xg5,6.3681
3nnv,9.159
3arn,7.9632
3lfn,8.2761
2xct,6.6966
2wxp,7.8688
3pa4,9.1421
3lpb,8.8552
3nnu,8.8992
3kwz,5.7708
2x2l,7.1197
3g4l,8.3264
3n46,5.9753
3kec,7.6973
3o96,8.0694
3my5,6.7272
3owl,6.8228
3n5j,5.9136
3o8g,7.5396
3hnb,5.329
3gwt,9.4277
3l54,7.6472
3h0q,7.1823
3oqf,7.3547
3lzs,8.3008
3m5e,7.0704
3hu1,6.8479
3kdm,7.0287
3mhm,6.7186
2kpl,7.8823
2kup,8.525
2xdx,6.7312
2xgs,5.4324
3hcm,4.4531
3ad8,5.2718
3acl,7.6525
3pb3,7.9547
2xjx,7.8814
3mo8,9.6629
2y3p,4.9616
3kr1,5.955
3o0e,2.5591
2kp8,6.651
2kvm,6.805
2wib,5.1291
3luo,6.5414
3juk,7.5349
3lp4,5.6142
3obx,7.6812
3kmx,7.4269
3lxo,5.6872
3nq3,5.7272
3hdk,10.0604
3n6k,5.7305
3lk8,6.8836
3okp,5.4524
3jrx,7.1231
3met,7.6564
3al3,7.6645
3l1n,6.9024
3gy3,7.0509
3hkw,10.3414
3n7s,9.3282
3p2k,6.5061
3lgs,6.1622
2wq4,4.7703
3adt,4.8178
3obq,7.3057
2x7x,5.3487
2xde,7.2869
3ljj,7.4836
3o6l,10.3536
3o6m,9.4715
3o8p,8.3577
3kqr,4.6898
3m3e,5.9059
3lqj,7.5652
3nee,7.1755
3ml4,8.866
3m17,9.3268
3i5r,7.8134
3l6x,7.7296
3guz,5.1936
3ogm,7.1603
3mxf,8.9341
2xyn,8.1222
3n9s,6.9398
2xl2,7.2192
3m59,9.0683
3o84,7.2019
3p8h,5.2879
3ilq,7.2034
2wtw,8.277
2kzu,9.7316
3kyq,5.3042
2xii,6.8036
2koh,7.2896
3nti,6.9395
3nkx,7.2679
3nal,7.388
2xbp,7.8151
3ouj,5.3562
3isw,7.4281
3adv,4.8381
3nht,6.87
3l8s,6.9108
2xcg,6.87
2xeg,6.9966
3gt9,8.0856
2xef,7.535
3anq,6.5132
3m2u,6.8836
3aaq,6.2921
3l7g,5.0408
3mn8,5.1655
3of8,5.8781
3agm,9.5917
3p8z,8.181
3owj,6.8513
3lpk,10.5125
3l4w,6.3106
2xaq,7.3926
3iaf,6.8289
3fvk,6.917
3jyj,5.9073
3kjf,7.7645
3g2l,7.2777
3n2u,6.8015
3moh,4.9493
3k05,5.8127
3acw,6.4661
2x09,6.2498
2x91,7.8353
3g6m,6.4722
2wyn,7.528
3l0v,6.8303
3o87,5.1078
3mjl,5.1043
3oxc,9.5837
2wm0,8.0198
3nu5,8.6439
3k4q,5.0426
2x7u,6.3857
3n3g,5.4378
3nf3,9.4156
2xe4,8.3398
3n2c,5.3655
3fv2,7.0807
3mkn,6.1461
3k3a,6.5659
2ksa,8.4227
2yj2,7.9337
2xx2,7.5012
3p5k,8.6813
2xx4,7.7736
3r0i,6.0733
2xm8,6.4871
3o9l,9.2018
3ow6,7.3828
3opm,7.2488
3zs0,6.2797
3p3u,6.9315
2xnp,9.4675
3qup,8.4502
3ti6,7.7691
2yb9,7.5087
2xyr,6.752
3qri,9.6941
3rcj,7.6212
3qo9,7.3751
3ppk,7.8173
3r2f,9.4208
3rz3,6.386
3r7r,8.0235
3b1u,5.9144
3r5j,7.1601
3qi4,5.97
3nwb,8.1692
3rvi,7.7227
2y0j,7.2207
3szb,5.9491
2ylo,4.7776
2yiu,8.3551
2xiz,5.6064
3tl5,7.7589
2xj0,5.3921
3tpp,9.8672
3t07,6.5478
3rxd,5.9128
3o9v,6.5001
2xzg,6.1804
3r02,8.4093
3s3r,7.455
3p76,8.3103
3nzi,6.3997
3q96,8.4494
2y2p,5.6923
3mtb,6.5868
2y68,7.3734
3lkj,10.2342
2ycm,6.2749
2y2h,5.3049
3b0w,7.1205
3qci,7.5527
3peq,8.6423
3ro0,5.4048
3mtd,6.8795
3zw3,7.0222
3nlb,8.8257
3qkv,5.2085
2xyu,7.7163
3mrx,6.4773
3s3m,7.5787
3ook,10.5644
3rl3,6.1893
2ycr,6.8629
2yjw,7.8811
2yig,7.6815
3at4,8.0428
3shy,7.639
3r91,9.6663
3pkc,7.9109
3b28,8.862
3qx9,5.304
3t2v,4.936
3r1v,5.6443
3qo2,9.0967
3poa,6.8247
3uat,8.7152
3tl0,7.0207
3uvn,8.1689
3s0e,6.0469
3pgu,6.0494
2y56,6.1352
2ygu,4.8925
2y4m,7.3824
3qlm,5.431
3szm,6.0834
2y07,6.6713
3qmk,6.1679
3arw,7.4694
3qc9,6.4527
2yay,7.5273
2xhs,7.766
4a0j,6.4245
3uev,6.2618
3r0h,8.975
3ax5,8.5238
3iaw,9.5328
3plu,11.3315
2xn6,7.9286
3o1d,9.8981
2y7w,3.8219
2xn3,6.1117
3n2e,6.2661
3rdv,8.0104
3qip,6.1004
3qin,5.7676
3rtx,7.9593
2ylc,5.2382
3njq,6.9745
2xqq,8.545
3s75,6.4687
3puk,8.6724
3tdu,10.4178
3td4,4.815
3ujd,6.2373
3o75,5.1007
3iny,5.3357
2l98,4.2146
3sk2,7.1045
3ocp,5.5738
3q6w,8.8158
3p2h,6.3159
3m6r,7.8472
3ta0,6.3698
3tsz,5.9027
3pxq,7.2759
3qkd,9.2956
3lrh,9.9919
2ydw,7.6022
3q5u,8.0649
3s74,4.8289
3arg,7.6119
3tdh,6.1684
3ppo,5.1181
3t7g,8.517
3qem,5.9183
3q4j,6.8925
3odl,10.5473
2lh8,3.6555
3qzv,6.447
3qxt,7.8543
2lct,8.1409
3t4n,6.8435
2ygf,8.8994
3sxu,5.9437
2lk1,4.2608
3r42,7.8486
3po1,6.2657
3s3k,4.2293
3pbb,6.2195
3sr4,7.3616
2ybu,7.5724
3opp,5.0287
3rf4,6.9169
3o0g,7.9491
2ya7,7.2226
3o9c,8.9758
3r4m,7.2254
3oyq,6.3966
3pn1,7.8381
3pn4,8.738
3ai8,4.4805
3n2p,6.4414
3o9d,9.2049
3ucj,6.7246
3oil,6.7691
3sjf,7.8097
3t8v,8.8515
2xxr,6.4296
3pjg,6.6373
3qvu,4.9443
2x2i,6.9566
3b1m,8.5275
2xyf,9.4811
3tam,8.5634
3ocz,8.169
3rwq,8.8497
3p3h,7.4706
3mmf,6.8101
3r17,7.0079
3o3j,5.8144
3pn3,5.5996
3rlq,8.4891
2y71,6.7871
3ozs,6.7915
3pww,9.829
3sww,7.3101
3o7u,6.901
3rx5,6.2584
3qfz,4.9855
3pgl,5.1555
3tjm,6.2124
3q2j,6.7296
3ozr,6.1331
3ml2,6.8037
3tyv,9.9289
4az0,7.1894
3u2k,7.254
3tki,9.0529
4heu,8.0461
3rak,8.4562
3uix,8.6614
2ydi,8.0909
4e8z,7.893
4ea3,7.1291
4fcd,8.4455
4frj,8.2424
3vjk,7.4015
4b5b,7.5944
3rkb,7.9657
2ym5,8.1512
3u8d,7.7531
4alg,8.9604
4abu,6.349
4a9m,7.2283
4f63,6.5975
4e5d,6.7036
3ugc,9.8551
4hlk,6.9132
4hkn,6.6266
4fod,9.376
3rin,8.5265
3vsx,7.5699
4ehm,5.4241
3v5j,7.6467
3azb,5.7697
3s00,7.4941
4ajw,6.7529
4dfw,8.1889
4fs3,8.0811
3vv6,6.1813
4hup,8.7481
3tkm,8.1991
4g9c,8.5322
4fcb,7.9018
3v1r,3.9682
4anu,6.7179
4a9c,5.3383
4h5d,8.2475
4aa7,8.705
3sgx,6.4965
4fli,7.3392
4af3,7.8608
4aa0,9.7775
4deb,6.8575
4afj,6.8512
4h2j,6.0839
4ddl,8.1284
3vi7,8.1635
4dpf,9.0591
3rwe,8.7507
4eg6,7.9431
4awq,8.4177
3uqp,9.8805
3udp,7.6357
4h3b,7.5206
3rni,7.8721
4f64,7.4896
4e1n,7.3521
4eh2,6.4725
3upi,9.1601
3vbw,5.7102
3v5l,8.7925
3vye,7.1626
4em7,6.0001
4hai,7.62
2ydk,9.0717
4erw,8.8923
4f6x,6.3819
4ebw,7.564
4gdy,8.1381
3uyt,8.8569
3v4j,3.4902
3rwd,10.0969
4dy6,8.2436
4b73,7.7195
4ajo,7.7992
3rul,10.311
4h75,9.0993
4aqh,6.6961
2lcs,7.2365
4glr,7.6482
3tay,5.6874
3ui2,9.3483
3tpx,10.4877
4der,6.5181
4fcr,9.3472
4f20,6.2861
4e8y,7.674
4euc,7.4545
4gah,7.8568
4guj,6.3025
4g69,6.4712
2lnw,7.1521
2liq,5.6585
2llo,10.0308
2llq,10.2116
3r5n,6.583
3asl,6.5005
4b4q,5.5565
4fxq,7.2794
3u6w,4.528
2yim,7.3172
3au6,6.2937
3u3u,6.2156
3zt3,6.1909
3uoh,7.5561
2lsk,9.5755
3r0y,7.4423
4gkc,7.2876
4fys,8.9448
4glx,8.7073
4de7,5.176
4htp,9.3924
3r5t,8.6571
4agp,6.8732
4ad3,6.4364
4g0a,5.8545
4fnn,5.198
3ztc,6.3516
4b76,6.5609
4bd3,8.2459
4eo6,7.3488
4ah9,5.7531
2lyw,7.5819
4dcx,7.3287
4e67,8.3607
3so6,10.123
4ep2,9.3257
3zyr,7.5451
3rzi,6.6608
4g0y,5.514
3re4,7.0811
3up2,8.3497
3vha,8.6571
3unn,6.7232
4aj2,5.5469
4fi9,8.593
4a2a,10.4553
3uvx,6.9391
4ahu,5.8797
3ug2,7.288
3tz2,5.5254
4fk7,6.3577
4b1j,7.6996
3upk,7.3818
3uoj,7.7281
3sbh,7.0446
3v3b,11.4989
4avh,5.3808
3zsy,6.6353
3t4p,7.1695
4ahr,5.8942
3uec,6.5446
4ad2,7.0298
4g8n,6.6097
3rg2,8.0323
4b9w,8.2122
3zso,7.5561
4aze,6.9457
3th0,8.9225
4aj1,5.7644
3v4t,6.2001
4dcs,5.131
4b0c,5.6338
4fxp,6.8786
2loz,7.4095
4erz,10.2258
3tz0,5.2474
4dow,9.0323
4b8y,6.6491
4ap7,8.654
4e7r,9.1102
4e3n,6.4997
4app,8.6722
3v7s,7.5589
4b7q,6.436
4afh,7.5963
4fns,5.6165
3tfp,7.8929
4ea1,6.0493
2y8c,7.9762
3su3,8.4701
3vf7,9.3824
3t08,7.1254
4de1,7.2189
3zv7,5.9874
4gqq,4.3396
4dld,7.6138
2yiv,4.533
4ge9,8.5261
4a95,7.956
3shc,7.5674
3tne,8.9551
4e3g,4.4649
3uxk,6.2155
3veh,6.3359
4a6c,9.9311
4eu3,5.2636
4f39,6.9546
4flh,8.9088
3s43,8.6104
3u78,5.1327
3uzj,6.2416
3st6,6.6567
4dfu,5.8255
4f08,6.9946
4bc5,4.6032
2lsp,7.4849
4dju,6.5534
4e3o,4.9092
4gki,7.3894
4abj,9.9277
4dsy,5.2968
4du8,5.1176
3tll,8.4704
4e5i,4.216
4dpt,5.027
3t3c,8.8084
4few,7.8627
3s1g,7.759
4ayy,8.6648
3qx5,9.0611
4h3g,9.1962
3upx,7.1027
3v4x,6.5377
3sur,6.6146
3tvx,6.2345
3qto,8.0627
3v2w,6.3277
3vbd,6.5138
3sv7,7.9825
4f9v,6.4733
4jr5,7.5187
4i1c,8.4657
4mz4,8.8235
4c4f,6.9316
4bkz,7.5107
4l02,8.9915
4jt8,7.8771
4hw7,8.0114
3zov,7.0806
4lyn,7.8838
4bo5,6.7272
4bo8,7.1343
4jzf,8.1555
4mwv,8.1815
4ff8,6.0337
3vva,6.667
4kio,8.007
4bfz,7.8025
4btu,8.7494
4ju7,6.8386
4jj8,6.6704
3zeb,5.5058
4ii9,9.5287
3vuc,8.7837
3zot,5.1204
4feq,7.4828
3zlk,8.0858
3vo3,9.1699
4mu7,8.3868
4jv9,6.7582
4hhy,7.245
4jht,6.7396
4i7f,7.7115
4iz0,6.356
4g2j,8.4701
4j04,6.8592
4j4o,6.7105
4men,7.5828
3vtd,9.2635
4j1k,7.8376
4l32,7.458
3zo4,9.7581
4bgg,7.3266
4dht,5.907
4kqo,7.2037
2ly0,5.3656
4g1f,6.9311
4ke0,8.8729
4m3q,7.0089
4dwb,5.8442
4jhq,6.1493
4jrg,7.4792
3zlw,6.6296
3w2r,10.0339
4l8m,8.855
3zo1,9.2608
4awi,8.3982
4ezl,7.9368
4bjb,6.1919
4hww,7.4897
3zep,8.1393
4l0i,6.6306
4alw,9.0607
4lxa,9.3879
4n4v,8.7914
4ie4,5.4125
3w1f,8.3687
4ezj,8.2594
4kw6,2.8704
4itj,8.4345
3zls,6.1611
4c4j,9.1838
4izy,8.2609
4lgg,7.5822
4gzf,8.8069
4ie2,7.1525
4mep,7.4488
4kin,8.4719
4jib,8.9928
4e1e,5.9044
4kc2,7.7881
4lxk,9.3039
3zmh,5.2598
4j70,6.1687
4bic,7.4531
4kai,8.5836
3waw,6.5481
4mbj,7.1044
4i06,7.4226
4hvi,7.7852
4bid,8.7667
4b77,8.4355
4l10,7.0187
3wd9,8.8907
3vzv,7.5177
4gpk,7.4234
4lxz,6.1752
2rt5,7.1972
4lhv,6.3478
2m3z,5.7606
4io2,6.3346
4hyb,9.5979
4i67,7.335
4jbl,5.0904
3ux0,7.0724
4b2l,5.1953
4hwb,3.9752
4kii,6.7047
4ddh,5.8951
4bqg,7.4199
4c4n,5.6084
4km0,7.8682
4kqp,7.2966
4az5,6.9617
4b2i,5.5626
4ef6,5.7339
4jne,8.3324
4hva,6.1512
4ksp,8.635
4ezx,9.2898
4i9o,5.2293
4iuv,7.0005
4ht0,7.7966
4bup,7.4729
4lbp,5.2012
4i9r,6.4359
4mr4,6.9554
4fcm,6.527
4c0r,8.6744
3zhf,6.917
4ipj,4.8069
4luv,4.5302
4ikn,7.1031
3zp9,6.4846
4klv,5.9858
4au7,7.8835
4kov,7.5883
4ljh,5.7432
3vzg,3.4887
4b3c,4.5869
3zi8,4.1881
4jx9,4.1154
4jiz,7.8022
4bqh,8.2197
4ba3,7.5881
4nxu,5.9087
4lar,5.2054
3vw1,6.7788
4j78,7.8649
4aw8,4.7516
4g8o,5.0371
4jg1,8.1149
4m1d,11.6137
4k3m,5.7229
4mmf,7.13
4hnn,5.9437
4nk9,9.0269
4i9c,7.8024
4jfm,7.4126
3zln,7.8946
4j77,7.1383
4b60,6.9192
4kmd,10.7273
4i7p,4.5307
4jfd,9.4836
4j21,7.8053
2m0o,8.131
4lke,5.6362
4lkd,6.5682
4gu6,8.6387
4dx9,6.1639
4ddk,5.4482
4e70,6.2977
4l1u,6.9156
4j2c,10.3145
4hmq,7.2853
4ih7,6.9783
4k0u,9.4808
4luo,5.2053
4jr0,7.0271
4ezq,9.1789
4ezz,9.42
4n5d,4.9078
2lya,4.3879
4b6u,4.6364
4i7m,5.2873
3wdd,9.7825
4h7q,4.8655
4c1u,8.1567
2m41,9.0188
3vfj,10.3039
3ueo,7.3419
4l51,4.9237
4fxy,8.1555
4lmn,8.0229
4gfm,8.0498
4hvb,8.5014
2yol,7.7146
4m1j,6.5707
4isu,6.1406
4hnc,6.113
4bt3,5.7313
4hxz,6.8118
4bps,6.4638
4k18,8.4114
4mdq,7.2844
4ivb,8.9225
4k5o,6.9666
4k5l,6.1794
4bcn,7.6589
3wjw,7.1216
4ivk,5.674
4ca6,8.8894
4mjq,5.4697
4iid,6.4261
3vtr,6.9744
4mm9,6.8116
4hzm,7.2262
4amw,5.1312
4lpf,4.6633
2yog,7.6299
4bvb,7.6862
4giu,6.8838
4f2w,8.2569
4mfe,4.5362
4iq6,7.8106
4lxd,7.908
4lko,6.505
3zbx,8.8132
4lrr,6.0154
4gly,9.8391
3zdg,6.116
4bcf,7.754
4elh,9.1605
4hdb,7.7718
4kvm,7.1483
4eok,7.7237
4mma,7.6307
4n6y,8.2075
4jps,8.9521
4lwu,8.8844
4mzs,6.26
4l4m,7.7044
4lwi,8.6577
4nld,7.9504
4nw5,8.6008
4oon,5.7898
4d2v,6.7055
4cl9,8.2709
3wch,5.2972
4pzw,8.3719
4cku,9.3629
4ode,10.008
4u5t,3.1289
4bg1,6.7162
4oba,8.0117
4c7t,7.9889
4olc,2.5299
4uv9,7.3138
3wns,3.7489
4ux6,6.1753
4pnm,6.9467
4hrd,6.4984
4k9g,5.6809
4u0m,7.6789
4j3i,7.5084
4lv4,5.8886
4p74,6.9857
4waf,7.9505
3wk7,5.8608
4u93,9.6591
4o91,9.0886
4pks,7.482
3we4,8.3226
3wkd,6.3454
4oho,7.7229
4i9z,7.2038
4o71,8.1233
4wh9,6.2544
4u5j,6.9764
3wf7,8.8389
4rrs,8.4512
4c1f,5.8935
4cfv,8.4312
4bfr,7.4519
4lng,8.7609
3w8o,8.8172
4otg,8.0261
4oq6,5.493
4pku,7.6172
4nat,8.0178
4bhf,6.6723
4npv,7.5428
4tlr,7.8749
4p1r,7.8028
4oow,3.6584
4k6w,9.609
4qag,5.3809
4csj,8.9577
4m3f,7.2626
4nk3,6.896
4nhc,9.8097
4mao,7.9756
4pkv,7.5633
4url,6.9436
4ojq,4.7839
4o5g,5.1287
4to8,4.9166
3wf9,8.4128
4ohk,7.7274
2mlm,4.8578
3wk6,5.5388
4wbo,6.772
4p90,7.7281
4pce,6.9232
4ia0,8.027
4uwf,7.9377
4qlu,7.2517
4twd,5.7528
4p10,7.1744
4ogv,7.4949
4pmt,7.8964
4qyy,7.3868
4w97,7.29
4po0,5.917
4oyk,9.224
4o0a,8.3814
4pvv,6.0542
4m0y,7.1722
4qnu,6.2711
4p00,5.3267
4lj5,6.6791
2mkr,9.3727
4w9j,7.6201
4oag,6.8955
4pow,7.6217
4kxl,7.1079
4m7j,6.0503
2mg5,8.8386
4pxf,6.3892
4ocp,7.5308
4pd8,5.8979
4qxr,6.3129
4w9i,6.9386
4rdn,6.7485
2mpm,7.7375
4tkn,8.548
4d1d,6.0882
4c3k,5.6761
4poh,7.7247
4wk2,6.0553
4u4s,6.6293
4pz5,6.7162
4n9c,5.7194
4nl1,4.9927
4pd5,5.4628
4l9i,6.8219
4wj7,9.0454
4kif,5.2155
4qtn,5.6285
4k7i,3.6501
4pb1,4.748
4ci2,5.831
4pum,7.6471
4m5m,5.8958
4d1a,6.1203
4mg9,5.8436
4n7g,8.8162
4prp,9.7017
3zev,8.5328
4up5,4.1496
4qij,8.3879
4tte,6.267
4cig,7.3363
4w9c,6.3934
4rpo,6.2668
4lyw,7.1744
4myh,3.8137
4oz1,8.5251
4ln2,7.8729
4ci1,5.962
4prd,8.0831
4ibb,6.3169
4k42,6.394
4myd,6.6669
4tq3,5.7614
4pf5,4.8007
4qfg,5.5022
4w4z,9.8901
4or0,5.8794
4q4r,8.1999
4mg5,8.2977
4o36,10.8806
4mnp,7.4866
4ny3,6.9
4m3p,5.1379
4pov,7.5328
4non,4.7474
4utx,8.3914
4k7o,4.6519
4u0a,11.0105
4clp,4.2599
4ua8,8.2553
4w5j,6.7069
4ono,7.7079
4wf2,7.8087
4um9,9.1255
4j7i,7.0945
4qjr,7.8472
4qew,8.1512
4ql1,9.2276
4wym,10.2574
4cws,8.6977
4lv2,5.538
4qbb,6.7845
4m8x,8.3604
4cwp,8.263
3zj6,7.3824
4cd6,5.8868
4kza,5.9594
4mlx,5.8859
4kz6,5.9872
4nuc,6.718
4oyt,6.8028
4p5d,7.5391
4mbf,4.8447
4o2b,8.6538
4owm,4.3437
4o9v,7.4156
4joj,7.1235
4cd1,5.4889
4ozo,5.1825
4o44,7.5545
4r95,8.4164
4ih3,4.2809
4keq,5.5086
4obv,5.0012
4r5b,6.0094
4cae,9.9153
4tw8,9.7422
4cpz,6.4572
4os5,9.4696
4o0v,7.9508
4mvn,5.1449
4cwf,7.3564
4cu8,6.1842
4q2k,7.6645
4nh9,7.6777
4o05,9.5042
4p7m,5.5778
4ps7,7.133
3wmb,5.4845
4v24,8.6993
4mic,6.3648
4na9,8.2703
4pp9,7.086
4u8w,7.4339
4oak,5.7878
4mho,6.6959
4qhp,7.3983
4lm2,6.2363
4msn,5.1228
5bvn,9.2913
4u01,7.7343
4ylj,7.7428
4wt6,8.7006
4qmp,8.6305
5ak0,8.6847
5alu,8.9833
5d12,6.0122
5d10,7.2102
4wag,6.5777
4qmw,8.9764
4zup,6.9326
5c26,8.2513
4ylk,8.6767
4q4e,8.4148
4qw3,6.3428
5ai9,7.6964
5alm,6.75
4wnk,9.5522
4qt2,8.8316
4wrs,9.7444
4wf6,6.8653
4udb,8.57
5f5i,6.4243
5ald,6.5448
4qxs,6.8569
4qr3,7.0061
4qwj,7.8781
4yuw,6.2399
5am5,6.8012
4xg8,7.7298
5c7f,7.1815
5c3k,5.9009
4qmx,8.2989
5c0k,5.5174
5ai8,6.2446
4uiv,8.6545
4rn2,7.136
4y83,7.8481
5ccl,7.9055
4yux,6.6699
4uiz,7.4988
4uw1,6.7292
4wyy,6.7339
5boy,6.7398
5alj,6.8906
4ynd,7.5115
4v1f,6.5143
4z90,4.6445
4x69,5.7177
5ctb,8.0056
4xua,8.2013
4x68,5.555
4uuq,5.6539
4xmo,9.646
4qz0,7.1674
5a09,7.7072
4zk5,8.1324
5auv,6.7003
5ap4,7.8608
5afl,5.6532
5d6q,7.116
4yv0,6.6511
5ak4,6.7295
4tmr,7.5954
4ucs,7.5546
4x7n,9.4728
4qzw,7.232
4z7i,8.3531
4qvn,6.4059
4r5w,6.7083
4uct,6.7991
4xy2,7.6721
4yat,6.2024
4w4s,7.0659
5d1s,7.2384
4s2i,5.8892
5bs4,8.8318
3wzn,7.0154
4odl,10.1973
4yoz,7.9583
5agu,9.5772
4xrq,7.497
4rd0,6.4745
5c7n,6.8863
3wtj,6.9225
5agv,9.8807
5cp9,3.7705
4zeb,6.6116
5e0l,8.1446
4x0z,6.3294
4und,8.1595
4d4d,7.2952
4cst,6.1496
4oex,7.768
4yz5,4.5115
5c0m,6.2198
5ea3,7.5636
4zdu,8.8934
5epk,8.8118
4xqa,9.2182
4ucd,4.4986
4twt,10.3542
4xxh,5.9412
5fjx,6.4546
4rlw,6.0519
4zl4,8.9039
5d1r,5.5901
5efa,6.7605
4rlu,5.7806
4oew,7.8408
4rrg,6.6887
4odk,8.2185
4qpd,7.6902
4z8a,8.4523
4x63,7.0177
4w52,4.8536
4nxq,7.8067
4w55,5.8649
4tkb,6.4392
5a5q,6.4765
4ynl,6.8416
4yrd,5.3749
5cqu,7.4559
4u5n,7.0647
4x8p,8.2925
4qb3,8.3232
4xcb,8.4209
4ofb,7.7911
4u5o,5.7197
4zph,4.5732
4ym4,7.3932
4x21,8.016
4tya,4.63
5e1d,8.8482
5d21,5.45
4qjo,8.31
5aer,10.836
3wsy,8.7604
4xy9,7.4467
4u68,8.3191
5fjw,8.6695
4wyz,6.1283
4qfo,7.1817
4r0a,6.2073
5dah,8.1973
4uru,5.537
4x5p,6.3832
5acy,7.415
3wuv,8.679
4zud,7.2673
4pdk,5.2099
4qfl,7.2114
4ux9,7.5472
4zow,5.9364
4ycl,6.922
4ty9,3.6126
4wmy,4.2144
4rwl,7.463
4uu5,6.1328
4ty8,4.5542
5dia,10.4596
4rac,8.3645
4y8z,8.0367
4x0u,4.137
4rad,7.7403
4zo5,7.7642
4raq,6.8103
4zip,10.1729
4qhc,6.3524
4z0k,8.2569
4ty1,8.5011
4qlk,7.3421
5bsk,5.9892
4x6n,8.6167
5e2p,7.9961
4ykk,5.8005
5fl4,7.8533
4x6i,6.473
5bml,7.6823
4q87,6.5316
4z2b,8.198
4x48,7.7391
5dk4,7.0757
5egm,8.8461
5cav,7.9632
4yha,5.8728
4zy4,7.071
5cal,7.7758
5c91,4.9674
4wef,6.044
4zy5,7.0451
5c8n,8.0842
5a0e,11.2186
4zwy,6.204
4q1w,8.731
4u7v,8.7312
4rsp,8.5214
5byi,7.0198
4wa9,8.4618
4q7s,6.0333
4u3f,7.5636
4zxy,7.9899
5bms,7.1383
4y0a,6.0507
4oem,5.3711
4riu,6.1943
5cap,8.003
4u69,6.6957
4xx3,8.2476
4ufi,5.5313
4q90,5.8241
5a6b,6.8569
4yc0,6.7842
4y64,7.3109
4wxi,8.0855
4xiq,8.6871
5c29,7.4532
4zz2,8.1127
5e91,8.1101
5jog,6.8373
5k0s,7.0754
5fp0,8.0824
5fun,7.4788
5hls,7.9469
5jjs,7.3687
5li3,6.821
5hzn,9.1146
5ei6,8.4308
5i8b,7.3575
5g1c,7.0496
5jat,8.1035
5lma,8.7236
5enf,4.2341
5hk9,6.6906
5i5x,8.4032
5fbo,9.0206
5a4e,6.0545
5koq,8.0255
5hmy,6.3277
5ism,8.2342
5lz8,5.827
5drc,7.042
5k0c,7.3424
5t6g,6.1986
5j4v,6.362
5lrg,9.2156
5jlz,8.1008
5dlv,6.8092
5i59,9.0824
4q15,7.6258
5kkr,7.7135
5m57,7.4204
5jgb,6.7209
5fqt,7.6197
5hvy,8.0778
5ful,7.7806
5j3s,5.4778
5eyd,9.5572
5bqs,7.3083
4zsj,6.4348
5icv,8.8529
5dpa,5.7407
4xwk,6.5418
5cuh,7.526
4ui8,7.5386
5tr6,8.8507
5lkr,5.8623
5a4l,6.2126
5lt6,8.1812
5ety,7.4024
5tol,6.958
5f0h,7.1302
4xhl,5.7995
5amn,7.3755
4z16,8.0926
5j47,7.0922
5f1u,7.0371
5iuh,8.3871
5cuu,4.0057
5jnn,6.2306
5idp,6.9981
5a7i,5.2087
5i23,6.6455
5kdf,5.8864
5jfr,8.0665
5trk,7.4339
5hm3,9.1952
5hor,7.5165
5kqg,6.9608
5kup,10.2083
5lqq,7.4377
5hlb,5.4728
5ih9,8.9519
5anw,8.1328
4zam,5.5337
5i22,7.3034
5isl,7.0892
5izu,8.8145
5e88,6.3053
5iw0,7.6584
5lwe,8.5263
5cqt,7.4119
5teg,9.9198
5eci,5.0019
5khi,5.775
5ggn,5.8845
4rfr,7.4879
5aqt,5.8451
5ivy,7.296
5in9,6.7341
5kbe,4.9639
5d25,7.2164
5swf,7.1153
5svx,8.7099
5j18,4.9302
2n0w,7.1495
5etp,7.3171
5d3l,7.5095
5ggo,5.4962
5egs,5.968
5k7h,6.4912
5kcb,6.1206
5ivc,7.6225
5d3s,7.2743
5fsy,6.7355
5l4f,5.6208
5eta,8.8429
4z0f,10.3703
5izl,5.3397
5hf1,7.5773
5fpp,6.3715
4yx4,6.0584
5t6j,9.0799
5knj,8.607
4zki,5.7159
5i1q,7.7608
5f1h,7.7723
4yje,7.5409
5ewk,6.5754
5hyq,10.758
4yb7,5.977
2n3k,11.0729
5esq,10.0163
5i3v,8.735
5klt,7.8029
5fv7,5.9318
4yho,7.756
2ndg,7.4285
5d6y,6.6104
5c4l,5.3563
5eje,6.4954
5d1n,6.0421
5em9,7.1089
5awu,8.5495
5ji8,5.9027
5evz,7.697
5b56,9.4184
5hes,9.7443
5iop,10.1859
5dlx,6.3335
5fb0,7.5339
5gu4,7.0721
5b4w,10.3218
5dtw,8.2633
5tbn,6.0442
5f2u,3.3584
5th2,10.8422
5dtt,5.096
5kew,4.9786
5ly3,10.868
5aqg,5.3825
5jal,5.2829
5eb3,3.6136
5gow,8.7224
5chk,6.0762
5cqx,10.1042
5czm,9.5954
4zcs,6.5256
5hrv,6.7245
5faq,6.3537
4zv1,7.5839
5g45,6.2726
5duw,4.7413
4zij,5.6076
5a6i,6.2051
5b2d,5.6649
5e80,8.4078
4z0d,10.0623
5h8e,9.5176
5g1p,3.7799
5i80,7.0991
5hda,6.872
5d3h,7.2694
5lom,7.7619
5hkh,8.1793
5luu,6.8848
5i3x,9.5964
5ff6,10.9278
5du6,6.3218
5fow,7.2479
2n9e,6.6059
5i3a,4.5435
5b25,9.3367
4zx4,9.187
5l2y,9.9518
5lxb,6.3851
5dxt,8.1151
5sz7,6.9294
5sz0,6.6798
4zjc,8.1251
5iu7,8.6877
5d2r,6.8985
5evk,5.1581
5j5r,7.2064
5j7w,7.6987
5hdv,8.4238
5j9z,7.8276
5hdu,9.1754
5dex,6.3095
5dfp,8.6512
5ij7,8.4126
5kr2,10.0513
5ehq,9.0602
5efj,6.9502
5hk1,6.9833
5kdr,7.6438
5fto,9.2217
4zyz,7.1225
5dhs,7.1656
5aa8,8.5083
5tza,9.0933
6bfa,7.7529
5nhv,7.9035
6bfd,9.6602
5q16,10.0355
5tho,7.7987
5q19,9.6056
5t1u,7.7557
5y3n,7.6436
5lgp,9.8482
5gso,5.6433
5v3y,7.4737
5g0q,6.4016
5v42,7.6329
5jz9,5.9169
5b5p,8.2683
5lp1,9.1738
5qbv,8.5652
5vqy,8.4645
5l17,7.0062
5vp0,8.3228
5ukl,7.8887
5ntw,8.6064
5t2d,8.3595
5lub,3.8707
5h17,6.8802
5kgn,11.2192
5n4t,6.2406
5jv0,6.2568
5pzm,7.2181
5wbq,6.9842
5ku9,8.4736
5kv9,7.445
5v40,7.4971
5u3b,7.6074
5vpm,8.5409
5vqt,8.8013
5twl,8.6067
5gn5,5.7089
5ti7,7.7852
5mli,6.3195
5twz,6.8828
5h09,9.5198
5iaw,9.0059
5b5o,7.7089
5tw3,8.479
5toe,6.9927
5sxk,3.7067
5tq7,8.176
5h0e,8.6936
5ti6,7.5735
5m6f,7.4408
5u2c,4.9775
5k5c,5.4401
5m39,6.3835
5typ,5.0975
5xzr,6.8206
5t28,7.8982
5ksx,5.8078
5orx,5.4312
5j9l,7.7121
5uwm,8.1389
5mrd,6.2113
5w84,7.3631
5u7j,8.6166
5v5e,7.33
5q0l,8.9278
5k0x,7.154
5dyw,7.376
5u7l,8.5415
5t36,5.8692
5ue4,7.5647
5sys,8.6312
5l6i,7.2624
5npf,5.1067
5x5o,9.8424
5tyo,5.3379
5uor,7.581
5h21,6.2483
5ubg,6.7797
5t4v,6.6141
5n20,6.1033
5h3q,9.225
5v9p,6.8167
5jmx,4.8595
5tyh,5.2915
5n2f,8.3639
5ksu,7.2888
5ntk,8.2423
5gvk,8.8382
5o45,11.9046
5org,7.6623
5lle,8.3772
5x4q,4.747
5wyx,7.3437
5nu3,7.6625
5wtt,8.349
5n69,7.7642
6axk,9.1404
5mes,8.5605
5g60,7.5915
5klz,6.4908
5uk8,8.2568
5llp,8.2861
5ybe,8.6996
5wqk,6.2481
5nkb,9.3131
5w7j,6.756
5wbk,7.0923
5xyf,9.7469
5tpc,6.0933
5ttw,7.1091
5mty,8.3097
5oei,5.1758
5nmg,10.0616
5j82,8.5016
6azl,10.4544
5ut0,8.2697
5mk1,8.9432
5wkf,9.4292
5wxg,7.3931
5ldm,4.8989
5j6l,9.0128
5ml2,9.0254
5ipc,7.0153
5u5l,6.9376
5wbf,3.5853
5nk6,8.4974
5kj2,7.8706
5v8o,5.1734
5j9x,8.9415
5mg2,6.902
5lla,7.8133
5u7m,7.4719
5os2,3.9458
5y61,3.7264
5mro,7.4004
5gv2,6.8966
5mgx,7.1391
5n9r,9.061
5jy0,5.8678
5szc,9.6917
5uwj,8.8756
5wyz,6.5852
5yjm,8.0335
5kab,5.4503
5vdt,7.8644
5w94,4.7089
5tcy,4.9922
5v13,6.8501
6bhe,8.8801
5jhk,5.0999
5wic,3.1817
5mwj,8.9252
5lud,5.4747
5ofv,4.5624
5n7g,5.5457
5k9w,6.3535
5vdk,8.5036
5ovr,6.6441
5vcy,9.1155
5w6t,10.2624
5ly1,11.4197
5w1w,9.0132
5tq1,6.6781
5vzy,9.478
5mnb,5.5077
5u0f,6.8157
5jjm,7.2297
5isz,10.3303
5ndd,6.6526
5ml6,9.7916
5nk3,7.9456
5mek,6.4886
5nf9,5.2425
5ufp,8.3317
5f60,8.6648
5n3v,6.7439
5tgy,8.9007
5w38,4.3411
5ttg,6.9941
5mny,5.2577
5ogl,5.9032
5m28,8.7994
5u9i,5.6081
5mka,9.4644
5y59,9.2575
5j86,9.0342
5nfa,5.2682
5tzo,6.068
5jn8,6.3811
5mi6,6.0598
5t8r,7.5346
5moe,6.373
6bhi,7.8911
5ut6,7.4028
5if6,7.0552
5fsb,4.6802
5myx,10.4003
5go2,3.7393
5vgy,6.6906
5o0b,5.2407
5u28,7.101
6f0y,8.3396
5kzp,10.4799
5aan,6.0221
5my8,9.7341
5umz,9.0628
5j7j,10.7931
5jhb,7.8107
5uxf,7.5268
5ort,5.0064
5n3y,6.6697
5wio,3.8278
5x4p,3.9836
6b27,8.4938
5mob,7.0657
5oui,5.2156
5vsf,7.7038
5xof,7.2611
5u6b,8.5679
5vb7,8.9381
5m4q,5.4281
5oq7,7.755
5unf,8.972
5n24,6.7989
5ndf,5.2441
6eo8,6.9751
5wcm,5.4972
5gwy,7.7158
5qcm,8.4166
5qcl,8.4115
5u8f,8.3745
5m4f,7.9173
5u8a,7.9881
5uln,7.037
5vjp,5.1959
5n25,7.015
5wae,5.3807
5tqe,9.177
5ng9,6.8134
5tt3,6.1264
5u6d,7.6366
6esy,5.615
5v4q,4.4595
5un9,6.2902
6b98,7.1566
5nx2,10.5196
5o07,6.7086
5g1z,7.2015
5mfr,6.4985
5m25,7.4104
5v0n,10.1928
5v1y,8.57
5tv3,6.7424
5j87,9.5215
5lce,8.4911
5uez,7.6076
5upe,7.679
5qil,8.9951
5o7e,5.704
6df7,8.0563
5y6e,6.0348
5kpm,7.6262
6ft8,8.262
6h1i,7.9823
6ew3,5.9077
6f3g,6.9698
6fqo,7.9759
6ep9,9.1373
5mwa,8.8674
6apz,5.7269
5g6u,4.0496
6giu,6.3854
6c2y,8.4296
6dqb,7.3889
5kpl,7.1528
6bjo,7.8792
6axb,7.0468
5y8z,7.1913
5xgh,7.6664
6g3y,7.5552
6g8n,5.6723
6c7b,6.8877
5zwf,7.6849
6hzp,4.3295
5nq5,6.791
6bl1,6.6367
6g93,8.3339
6gl3,7.247
6e2n,8.4789
5nzm,4.6959
6ful,7.5396
6eox,6.8909
5ocj,4.3385
5w0f,8.1874
5y5u,7.794
6ftn,8.3914
6q6y,7.5945
6hd4,8.3462
5vio,7.8549
6ezg,7.6046
6dxx,8.0131
5o9h,8.1249
5wfd,7.625
6bky,7.8239
5yzc,7.3041
5o4s,7.7041
6b31,8.4974
6eji,6.4501
6ccn,6.995
6dvm,6.9909
6cd4,7.9502
6bke,9.5308
6cqf,8.0411
6aam,7.4749
5nsx,7.542
6bkx,6.3025
6dgt,9.3894
6c0t,8.4054
6ck3,6.1942
6bq0,5.8724
6db4,8.8882
6ei4,6.0557
6f6r,7.0854
6ey7,4.3815
5w5k,6.2237
6en4,6.9211
5xfj,7.4793
6asu,6.17
6bik,9.5133
6hf5,5.8287
6b30,7.2343
6euz,7.5283
6ay5,8.3196
6gz9,5.0644
6fgy,7.8643
6hth,5.6989
6f8t,7.3479
6bo6,7.4597
6i3s,8.3089
5yqn,8.3371
6axq,5.3202
6ma4,7.9665
5ygd,9.0968
6as8,6.0848
6d5e,9.289
6bgy,8.9153
5vk0,9.7999
6ar2,6.5273
6fbv,7.5526
5xjm,8.7342
6ghp,8.4721
5xo7,7.8227
6coj,6.6421
5yf1,5.865
6czi,6.8375
5ygf,8.6254
6e5x,8.1066
5y6k,4.9846
6f6n,6.6291
5uch,6.8869
5xwr,7.8747
5ovc,7.9438
6ey9,8.7534
6f7c,7.7297
6fmf,5.9877
5zk8,6.6123
6f7b,10.4476
5vb9,11.1136
6cw4,3.3699
6ey8,8.7989
6ced,5.4853
5un1,5.7506
6czf,4.7061
6er4,6.5274
5mtw,7.5147
6drt,8.9042
6fx1,6.6906
6evq,4.7488
6fkq,11.0953
5yc2,9.7717
6hai,7.1183
5qan,4.9546
5o9o,6.2519
6cfd,8.8778
6gl9,8.514
5z7b,5.2631
5yc3,7.0383
6f5w,3.9823
6g36,8.4078
5o0j,7.7113
6g0v,5.0208
5yh8,7.1421
5qa8,4.4513
6gjr,6.492
6dub,7.3292
6fse,6.5245
6evn,5.9693
5odx,9.3134
6bvb,7.7113
6hm4,7.7302
6fi4,8.173
6dkg,8.7104
5vzu,7.5422
5xsr,7.9489
5yhe,6.6785
6b3v,6.9473
5o1b,6.3226
6fut,7.5932
5zt1,5.2036
6cfc,7.0534
5n1p,5.5217
6gjm,7.1518
5ost,6.0212
6aji,9.038
6cwf,5.4248
5oa6,7.0595
5zzw,6.17
6fe1,7.9356
6a6w,10.4358
5yv5,8.3201
6aff,4.9862
6ami,6.0595
6gbe,6.7404
6g86,7.8598
6ccu,6.9417
5msb,8.1453
6hk6,6.289
6csp,5.6175
6c3u,6.3814
6g3a,8.3887
6cer,6.9031
6ezi,7.5501
6b1j,6.0269
6gu3,7.9597
5ods,9.9693
6czb,4.5673
6f20,5.9591
6bw5,7.0538
6cpw,9.0773
6et8,8.4386
6b5q,9.4806
6cf6,6.8595
5zku,5.5741
6fdt,7.1273
6elo,8.773
5ywy,6.5494
6d6t,5.8575
6g85,8.023
5otz,8.2964
6ghj,6.837
6fjf,9.2432
5yyz,6.9162
6f55,7.5618
6gw1,6.6241
6guk,9.1927
6h7f,6.6435
5om3,6.6503
6dik,4.5117
5ok6,9.6681
6ce6,6.175
6h41,11.2805
5win,6.991
5w4s,7.9222
6e9a,9.0879
6cn5,8.4924
6g4z,8.2199
6bc9,7.4822
6eeo,6.5832
5wdc,7.0383
6eea,6.3662
6eiz,7.0241
5xvf,6.6563
6c7q,7.5681
6b7h,6.9891
5od1,6.1757
6bt6,6.9796
5nps,8.4956
6dpx,6.5869
5nw7,6.9203
5nxp,7.0906
5zag,7.0369
6dh6,8.407
6iiu,8.0129
6mvu,5.3959
5za7,6.9621
6h7m,5.86
6m9t,7.2064
6h29,5.999
6eip,7.9051
6gg4,5.3593
6bw2,8.1307
5nzn,7.7555
6eis,8.8134
6dpz,6.4486
6aqs,6.8104
6mi6,5.2901
6f29,6.769
6flg,8.5857
6fky,8.6107
5ny3,6.8976
6c5f,6.0573
6f05,6.4489
6c1s,7.6384
5nya,6.579
5wxp,6.9415
6ayo,8.331
5zah,6.1183
5v3r,8.8772
6d1m,7.1017
5tig,2.5804
5wdl,4.5038
6dak,7.8792
6dj5,8.4238
6d1l,6.8095
6h38,6.6527
6mck,6.7618
6ul8,7.9054
6mdb,8.7211
6h52,6.8376
6qef,7.8635
6r8q,6.5743
6rrm,4.6876
6npv,7.2477
6qm7,6.4857
6ten,9.7389
6md7,8.8814
6nzp,8.4863
6mo5,7.7137
6nzq,8.6223
6bqd,7.3656
6pz4,8.654
6npe,6.5199
6nzr,8.6234
5z1t,7.3767
6imo,7.6396
6i0x,5.9641
6rjp,10.1365
6nss,9.1554
6qxa,4.1836
6ib2,7.74
5zgg,3.8494
6npm,6.3699
6m95,8.1817
6mo8,8.1197
6f7i,8.4298
6irt,3.9629
6skd,5.4167
6rn6,5.782
6ic6,7.0487
6s9d,8.1667
6pf4,6.498
6g8j,2.0804
5y7h,6.1222
6hrw,6.3582
6s7z,8.1223
6n3o,9.2503
6r7d,7.1935
6ibz,8.8715
6kdx,6.4508
6qae,7.5796
5zma,6.9124
6nkp,9.3599
6r8p,5.6987
6oht,7.2048
6a6k,7.9745
6hgy,7.4125
6ny4,7.3541
6fne,3.5689
6jt3,7.7396
6d4w,7.4281
6oyt,8.1944
6hy2,10.8784
6nrh,7.7791
6qab,7.6003
6mul,7.6951
6rln,8.3871
6rn9,6.4875
6qho,5.9904
6oi9,9.2911
6npt,6.8866
6dim,5.9976
6a1c,6.9174
6sze,6.9921
6gjb,8.0627
6mo7,7.8156
6nfi,7.9702
6ai9,6.2963
6qqz,7.9875
6iph,6.275
6u8o,7.4032
6fzg,8.9872
6if0,9.0194
6n7d,8.958
6c8c,9.6189
6pxc,6.9419
6md4,6.0786
6dsp,5.3792
6r8i,7.749
6o7g,6.9133
6n48,7.1728
6r8w,7.731
6i5n,7.7679
6n0m,5.4385
6rml,7.0104
6aan,6.0376
6aeh,5.8769
5zde,5.436
6a9c,7.2741
6mh7,8.8246
6p85,7.8876
6j3p,8.1941
6abk,5.2241
6jaq,6.6591
6fmn,8.2782
6gjw,7.5033
6a30,7.9159
6me1,7.3101
6n55,4.5998
6max,4.3129
6tyz,10.5858
6dql,7.0607
6qrc,7.6579
6p84,8.2726
6nsv,8.3514
6nlj,5.7052
6qlr,6.6848
6kmj,9.7519
6g7a,8.164
6om2,7.872
6n54,5.8406
6i66,6.5303
6poh,5.0815
6pi6,7.1612
6jjz,6.7399
6n3v,6.3517
6bs4,6.4821
6itq,7.1301
6i67,6.5206
5z66,8.5727
6gj6,6.5965
6dyr,7.1445
6v5l,5.1444
6nsx,7.6257
6g2c,7.0977
6iso,7.2612
6qe0,9.0041
6dgl,7.9293
6dgq,6.4625
6a5e,10.004
6qr2,8.1723
6om4,8.5963
6n3y,5.6925
6csf,4.735
6r1b,4.9115
6hgg,6.4131
6qzr,8.5021
6mt5,8.5397
6m8q,8.587
6rtw,8.0686
6qaf,7.4921
6g5u,7.615
6qtx,7.7865
6qzh,7.7069
6aee,9.3371
6n0j,7.9301
5zni,7.4329
6s07,8.0116
6q38,10.4793
6g29,6.5348
6nzk,4.3522
6t1i,5.5629
6a03,7.8362
6e4v,7.866
6ghv,6.2041
6k5r,7.2901
6eeb,6.639
6iht,5.228
6o2p,5.7406
6e8x,6.6892
6v1c,4.8454
6p9e,6.8151
6i13,7.8015
6aao,6.2563
6fcj,6.9905
6qcg,9.0915
6st0,6.7973
6rhe,4.2428
6dn6,6.6018
6j9y,7.1932
6pl2,8.233
6nm4,6.1505
6ftf,7.7626
6ncn,5.4879
6qpl,6.9836
6njz,8.4283
6rk4,5.1297
6afk,7.8441
6oqb,9.0872
5zg3,8.2118
6p3u,6.206
6p3v,6.777
6ps0,7.2002
6d40,10.5766
6q89,7.0194
6i9a,7.9301
6ftw,8.2966
6pt3,7.7446
6me3,6.9642
6ibl,7.1125
6fz4,6.7046
6d3z,10.7361
6peu,8.665
6s1s,5.0757
6eds,7.3206
6q60,7.1434
6hhj,9.1117
6hzy,5.4059
6c85,3.5915
6i5g,6.8113
6rw1,6.9185
6u7o,8.8473
6szp,6.2866
6n94,8.0549
6ouv,8.369
6h12,9.3843
6q8c,6.5852
6plf,6.9952
6p5o,6.327
6e5t,7.1001
6tl2,5.7113
6mnv,5.2866
5qqp,8.5961
6o8u,8.0528
6pvu,4.2332
6pvs,8.0429
6o0h,7.9981
6pm9,6.1561
6r4k,6.7772
